{"users":[{"vbucks":10000,"level":253,"accountLevel":10000,"battlestars":1000,"style_points":1000,"gold_bars":1000,"crowns":1000,"favorites":[],"unseen_items":[],"random_loadout":false,"login_code":"61d487699155cdfc1e447bc734bcd826","email":"","password":"","accountId":"4bc295c3a1044f169586d0a64785f061","username":"","lockers":[{"templateId":"CosmeticLocker:cosmeticlocker_athena","attributes":{"locker_slots_data":{"slots":{"Glider":{"items":["AthenaGlider:Glider_Warthog"],"activeVariants":[{"variants":[null]}]},"Backpack":{"items":["AthenaBackpack:BID_004_BlackKnight"],"activeVariants":[null]},"Dance":{"items":["AthenaDance:EID_Fresh","AthenaDance:EID_Floss","AthenaDance:EID_TakeTheL","AthenaDance:EID_LazyShuffle","AthenaDance:EID_Cheerleading","AthenaDance:EID_OG_RunningMan"],"activeVariants":[null,null,null,null,null,null]},"LoadingScreen":{"items":["AthenaLoadingScreen:lsid_random"],"activeVariants":[null]},"Character":{"items":["AthenaCharacter:Character_BariumDemon"],"activeVariants":[null]},"MusicPack":{"items":["AthenaMusicPack:MusicPack_113_S18_FNCS"],"activeVariants":[null]},"SkyDiveContrail":{"items":["Contrail_Chainmail"],"activeVariants":[null]},"Pickaxe":{"items":["AthenaPickaxe:Pickaxe_ID_804_FNCSS20Male"],"activeVariants":[{"variants":[null]}]},"ItemWrap":{"items":[null,null,null,null,null,null,null,null],"activeVariants":[null,null,null,null,null,null,null,null]}}},"use_count":1,"banner_icon_template":"BRSeason01","locker_name":"PhantomFN","banner_color_template":"","item_seen":false,"favorite":false},"quantity":1}]}]}